DROP DATABASE GRANJA;
CREATE DATABASE GRANJA;
USE GRANJA;

CREATE TABLE GANADERO(
dni VARCHAR(9) PRIMARY KEY,
nombre VARCHAR(25) NOT NULL,
direccion VARCHAR(25),
telefono INT
);

CREATE TABLE GRANJA(
id_granja INT UNSIGNED AUTO_INCREMENT PRIMARY KEY,
nombre VARCHAR(25) NOT NULL,
direccion VARCHAR(25),
propietario VARCHAR(9) NOT NULL,
FOREIGN KEY (propietario) REFERENCES GANADERO (dni)
                          ON UPDATE CASCADE
);

CREATE TABLE SINTOMAS(
id_sintoma INT UNSIGNED AUTO_INCREMENT PRIMARY KEY,
descripcion VARCHAR(50) UNIQUE NOT NULL,
gravedad ENUM("ligero", "normal", "grave", "cronico")
);

CREATE TABLE ENFERMEDAD(
id_enfermedad INT UNSIGNED AUTO_INCREMENT PRIMARY KEY,
descripcion VARCHAR(50) UNIQUE NOT NULL,
sinonimo VARCHAR(25),
tratamiento VARCHAR(255)
);

CREATE TABLE ENFERMEDAD_SINTOMAS(
id_enfermedad INT UNSIGNED,
id_sintoma INT UNSIGNED,
PRIMARY KEY (id_enfermedad, id_sintoma),
FOREIGN KEY (id_enfermedad) REFERENCES ENFERMEDAD (id_enfermedad),
FOREIGN KEY (id_sintoma) REFERENCES SINTOMAS (id_sintoma)
);

CREATE TABLE RES(
num_control INT UNSIGNED AUTO_INCREMENT PRIMARY KEY,
especie ENUM("ovino", "bovino", "caprino", "porcino"),
raza VARCHAR(25),
sexo ENUM("H", "M"),
peso INT UNSIGNED,
f_nacimiento DATE,
res_madre INT UNSIGNED,
res_padre INT UNSIGNED,
granja_nacimiento INT UNSIGNED,
granja_actual INT UNSIGNED,
FOREIGN KEY (res_madre) REFERENCES RES(num_control),
FOREIGN KEY (res_padre) REFERENCES RES(num_control),
FOREIGN KEY (granja_nacimiento) REFERENCES GRANJA(id_granja),
FOREIGN KEY (granja_actual) REFERENCES GRANJA(id_granja)
                            ON DELETE CASCADE
                            ON UPDATE CASCADE
);

CREATE TABLE RES_SINTOMA(
num_control INT UNSIGNED,
id_sintoma INT UNSIGNED,
PRIMARY KEY (num_control, id_sintoma),
FOREIGN KEY (num_control) REFERENCES RES(num_control)
                          ON DELETE CASCADE
                          ON UPDATE CASCADE,
FOREIGN KEY (id_sintoma) REFERENCES SINTOMAS(id_sintoma)
);

CREATE TABLE RES_ENFERMEDAD(
num_control INT UNSIGNED,
id_enfermedad INT UNSIGNED NOT NULL,
fecha DATE NOT NULL,
PRIMARY KEY (num_control, fecha),
FOREIGN KEY (num_control) REFERENCES RES(num_control)
                          ON DELETE CASCADE
                          ON UPDATE CASCADE,
FOREIGN KEY (id_enfermedad) REFERENCES ENFERMEDAD(id_enfermedad)
);

INSERT INTO GANADERO
(dni, nombre, direccion, telefono)
VALUES
("12345678A","Pepe","Calle falsa 123", 612123123),
("45678123B","Juan","Los Rosales, 3", 654654654),
("67812345C","Maria","El pinar, 9", 611222333),
("13579111D","Sofia","Los olvidos", 696797979),
("24681012E","Antonio","Calle wakanda", 666778899)
;


INSERT INTO GRANJA
(id_granja, nombre, direccion, propietario)
VALUES
(null, "Animalitos para todos", "Calle vaquera n 2", "12345678A"),
(null, "Animalitos para todos2", "Calle huelva esquina", "12345678A"),
(null, "Refugio dentado", "Urbanizacion buenavista", "45678123B"),
(null, "El matadero", "Calle ventura, 23", "67812345C"),
(null, "Vacas Locas", "Calle ventura, 22", "13579111D"),
(null, "Ovejas Locas", "Calle ventura, 24", "13579111D"),
(null, "Paraiso", "Calle Santa Fobia, 1", "24681012E")
;

INSERT INTO SINTOMAS
(id_sintoma, descripcion, gravedad)
VALUES
(null, "Lengua morada", "ligero"),
(null, "Herida con algo de sangre", "normal"),
(null, "Herida con sangre abundante", "grave"),
(null, "Boca muy seca", "ligero"),
(null, "Le falta una o varias extremidades", "cronico"),
(null, "Cuerno roto", "normal"),
(null, "Pata inchada", "normal"),
(null, "Hace ruidos de quejido constantes", "grave"),
(null, "Pupilas dilatadas, reacciona a la luz", "normal"),
(null, "Pupilas dilatadas, pero no reacciona a la luz", "cronico"),
(null, "Cojea", "ligero"),
(null, "No puede caminar", "grave"),
(null, "No puede levantarse del suelo", "cronico")
;

INSERT INTO ENFERMEDAD
(id_enfermedad, descripcion, sinonimo, tratamiento)
VALUES
(null, "Cojera", null, "Reposo y frio"),
(null, "Ceguera", null, "Evitar espacios cerrados y pequeños."),
(null, "Gripe A", "Vacas Locas", "Medicamentos recomendados por el veterinario"),
(null, "Contusion", "Golpes", "Reposo"),
(null, "Mutilacion", "Tres Patas", "Usar aparato con ruedas para que pueda caminar"),
(null, "Constipado", "Sequedad", "Comida aguada, poca cantidad")
;

INSERT INTO ENFERMEDAD_SINTOMAS
(id_enfermedad, id_sintoma)
VALUES
(1,3),
(1,5),
(2,8),
(2,9),
(2,10),
(3,1),
(3,4),
(3,9),
(4,2),
(4,6),
(4,7),
(4,11),
(4,12),
(5,2),
(5,3),
(5,12),
(5,13),
(6,1),
(6,4),
(6,8)
;

INSERT INTO RES
(num_control, especie, raza, sexo, peso, f_nacimiento, res_madre, res_padre, granja_nacimiento, granja_actual)
VALUES
(1, "porcino", "porcino enorme", "M", 71, "2007-03-22", null, null, null, 3),
(2, "porcino", "porcino shiny", "H", 27, "2006-04-28", null, null, null, 5),
(3, "porcino", "porcino mini", "M", 114, "2007-07-17", null, null, null, 2),
(4, "porcino", "porcino shiny", "M", 90, "2005-03-10", null, null, null, 6),
(5, "ovino", "ovino comun", "M", 45, "2007-09-25", null, null, null, 3),
(6, "ovino", "ovino enorme", "H", 84, "2014-03-11", null, null, null, 6),
(7, "caprino", "caprino mini", "M", 90, "2005-06-16", null, null, null, 6),
(8, "ovino", "ovino shiny", "H", 73, "2008-10-28", null, null, null, 6),
(9, "porcino", "porcino sinpelo", "M", 84, "2011-10-12", null, null, null, 3),
(10, "porcino", "porcino albino", "M", 64, "2013-01-28", null, null, null, 1),
(11, "bovino", "bovino shiny", "H", 34, "2013-05-01", null, null, null, 2),
(12, "porcino", "porcino sinpelo", "H", 62, "2012-02-08", null, null, null, 5),
(13, "caprino", "caprino comun", "H", 63, "2011-11-06", null, null, null, 3),
(14, "caprino", "caprino albino", "H", 111, "2009-05-15", null, null, null, 1),
(15, "caprino", "caprino sinpelo", "M", 74, "2011-08-09", null, null, null, 5),
(16, "ovino", "ovino enorme", "H", 99, "2011-01-14", null, null, null, 2),
(17, "porcino", "porcino sinpelo", "H", 106, "2013-11-06", null, null, null, 6),
(18, "ovino", "ovino comun", "M", 70, "2007-02-17", null, null, null, 4),
(19, "caprino", "caprino sinpelo", "H", 106, "2011-12-07", null, null, null, 1),
(20, "caprino", "caprino comun", "H", 76, "2010-11-10", null, null, null, 2),
(21, "bovino", "bovino mini", "M", 86, "2005-11-17", null, null, null, 7),
(22, "bovino", "bovino sinpelo", "H", 46, "2005-03-26", null, null, null, 5),
(23, "porcino", "porcino sinpelo", "H", 107, "2009-02-21", null, null, null, 6),
(24, "porcino", "porcino comun", "M", 102, "2010-01-13", null, null, null, 4),
(25, "bovino", "bovino mini", "H", 44, "2007-01-10", null, null, null, 5),
(26, "porcino", "porcino comun", "H", 77, "2013-05-24", null, null, null, 1),
(27, "caprino", "caprino enorme", "M", 71, "2009-05-07", null, null, null, 7),
(28, "bovino", "bovino comun", "H", 95, "2009-06-26", null, null, null, 3),
(29, "porcino", "porcino comun", "H", 37, "2014-01-25", null, null, null, 1),
(30, "bovino", "bovino albino", "M", 40, "2009-12-07", null, null, null, 7),
(31, "bovino", "bovino albino", "H", 62, "2013-03-19", null, null, null, 6),
(32, "caprino", "caprino comun", "M", 97, "2006-09-08", null, null, null, 6),
(33, "porcino", "porcino albino", "M", 112, "2013-06-02", null, null, null, 6),
(34, "bovino", "bovino comun", "M", 78, "2012-12-09", null, null, null, 3),
(35, "bovino", "bovino sinpelo", "M", 106, "2013-09-11", null, null, null, 1),
(36, "bovino", "bovino comun", "H", 116, "2011-12-17", null, null, null, 1),
(37, "caprino", "caprino comun", "M", 99, "2010-07-12", null, null, null, 6),
(38, "porcino", "porcino shiny", "M", 53, "2006-02-05", null, null, null, 2),
(39, "ovino", "ovino enorme", "M", 95, "2006-12-19", null, null, null, 1),
(40, "caprino", "caprino sinpelo", "M", 88, "2012-12-28", null, null, null, 1),
(41, "caprino", "caprino sinpelo", "M", 36, "2012-01-16", null, null, null, 2),
(42, "porcino", "porcino sinpelo", "H", 25, "2014-12-28", null, null, null, 6),
(43, "porcino", "porcino sinpelo", "M", 24, "2009-02-05", null, null, null, 5),
(44, "porcino", "porcino comun", "M", 73, "2011-08-02", null, null, null, 1),
(45, "bovino", "bovino shiny", "M", 115, "2008-08-25", null, null, null, 7),
(46, "porcino", "porcino enorme", "H", 55, "2009-12-03", null, null, null, 6),
(47, "bovino", "bovino enorme", "M", 50, "2013-01-23", null, null, null, 2),
(48, "caprino", "caprino mini", "H", 66, "2007-05-02", null, null, null, 3),
(49, "caprino", "caprino shiny", "M", 55, "2007-04-18", null, null, null, 6),
(50, "porcino", "porcino albino", "H", 34, "2008-01-26", null, null, null, 3),
(51, "ovino", "ovino enorme", "H", 77, "2006-10-24", null, null, null, 1),
(52, "porcino", "porcino sinpelo", "H", 40, "2012-12-23", null, null, null, 6),
(53, "caprino", "caprino albino", "M", 95, "2013-03-28", null, null, null, 5),
(54, "porcino", "porcino shiny", "M", 34, "2008-09-02", null, null, null, 7),
(55, "caprino", "caprino comun", "M", 63, "2012-05-09", null, null, null, 5),
(56, "bovino", "bovino shiny", "H", 112, "2007-11-07", null, null, null, 6),
(57, "bovino", "bovino shiny", "M", 23, "2013-05-18", null, null, null, 1),
(58, "bovino", "bovino enorme", "M", 89, "2010-10-04", null, null, null, 1),
(59, "caprino", "caprino albino", "H", 59, "2009-12-12", null, null, null, 6),
(60, "bovino", "bovino comun", "H", 33, "2007-04-28", null, null, null, 1),
(61, "porcino", "porcino enorme", "M", 116, "2010-05-09", null, null, null, 4),
(62, "bovino", "bovino enorme", "M", 96, "2013-10-09", null, null, null, 4),
(63, "caprino", "caprino comun", "M", 63, "2009-03-15", null, null, null, 5),
(64, "porcino", "porcino enorme", "M", 104, "2011-09-07", null, null, null, 7),
(65, "ovino", "ovino shiny", "H", 117, "2007-05-28", null, null, null, 2),
(66, "porcino", "porcino mini", "M", 44, "2010-06-11", null, null, null, 4),
(67, "porcino", "porcino sinpelo", "M", 110, "2011-02-07", null, null, null, 4),
(68, "bovino", "bovino comun", "M", 115, "2009-06-02", null, null, null, 1),
(69, "caprino", "caprino mini", "M", 28, "2011-03-28", null, null, null, 5),
(70, "caprino", "caprino albino", "H", 68, "2007-09-06", null, null, null, 6),
(71, "caprino", "caprino comun", "H", 78, "2011-03-18", null, null, null, 6),
(72, "ovino", "ovino enorme", "H", 115, "2012-07-17", null, null, null, 5),
(73, "bovino", "bovino enorme", "H", 35, "2014-11-09", null, null, null, 6),
(74, "ovino", "ovino sinpelo", "M", 27, "2011-05-25", null, null, null, 2),
(75, "ovino", "ovino albino", "M", 21, "2006-08-26", null, null, null, 2),
(76, "bovino", "bovino enorme", "H", 98, "2011-03-23", null, null, null, 4),
(77, "ovino", "ovino shiny", "M", 53, "2009-09-17", null, null, null, 1),
(78, "bovino", "bovino comun", "H", 104, "2011-10-28", null, null, null, 7),
(79, "bovino", "bovino shiny", "M", 33, "2006-06-09", null, null, null, 6),
(80, "caprino", "caprino comun", "H", 21, "2008-10-11", null, null, null, 2),
(81, "bovino", "bovino sinpelo", "M", 101, "2014-08-26", null, null, null, 6),
(82, "porcino", "porcino shiny", "H", 40, "2007-04-04", null, null, null, 5),
(83, "caprino", "caprino comun", "M", 31, "2013-05-02", null, null, null, 7),
(84, "ovino", "ovino comun", "M", 45, "2009-11-24", null, null, null, 1),
(85, "bovino", "bovino albino", "H", 94, "2006-01-27", null, null, null, 4),
(86, "porcino", "porcino albino", "H", 83, "2012-11-16", null, null, null, 7),
(87, "caprino", "caprino sinpelo", "H", 60, "2008-05-21", null, null, null, 6),
(88, "bovino", "bovino shiny", "M", 100, "2008-01-01", null, null, null, 2),
(89, "porcino", "porcino enorme", "M", 70, "2010-10-19", null, null, null, 2),
(90, "caprino", "caprino comun", "H", 68, "2005-05-18", null, null, null, 7),
(91, "bovino", "bovino enorme", "M", 36, "2006-02-28", null, null, null, 1),
(92, "caprino", "caprino sinpelo", "H", 76, "2005-11-18", null, null, null, 2),
(93, "bovino", "bovino mini", "M", 32, "2007-06-22", null, null, null, 2),
(94, "porcino", "porcino shiny", "H", 118, "2012-09-10", null, null, null, 6),
(95, "caprino", "caprino albino", "H", 97, "2009-03-06", null, null, null, 6),
(96, "ovino", "ovino sinpelo", "M", 39, "2014-09-05", null, null, null, 3),
(97, "caprino", "caprino shiny", "H", 26, "2009-10-24", null, null, null, 3),
(98, "ovino", "ovino sinpelo", "M", 77, "2013-05-21", null, null, null, 3),
(99, "caprino", "caprino enorme", "H", 91, "2012-05-19", null, null, null, 3),
(100, "bovino", "bovino mini", "H", 69, "2011-01-03", null, null, null, 4),
(101, "ovino", "ovino enorme", "M", 33, "2010-04-15", null, null, null, 6),
(102, "ovino", "ovino shiny", "H", 56, "2014-05-24", null, null, null, 4),
(103, "bovino", "bovino shiny", "H", 89, "2013-02-26", null, null, null, 6),
(104, "caprino", "caprino mini", "H", 33, "2012-07-08", null, null, null, 5),
(105, "ovino", "ovino albino", "H", 93, "2005-08-26", null, null, null, 1),
(106, "bovino", "bovino sinpelo", "M", 118, "2011-03-13", null, null, null, 7),
(107, "ovino", "ovino shiny", "H", 112, "2008-04-09", null, null, null, 6),
(108, "caprino", "caprino comun", "M", 65, "2007-04-15", null, null, null, 4),
(109, "bovino", "bovino sinpelo", "H", 51, "2005-03-08", null, null, null, 2),
(110, "bovino", "bovino sinpelo", "H", 79, "2012-01-19", null, null, null, 7),
(111, "bovino", "bovino shiny", "H", 96, "2008-07-24", null, null, null, 3),
(112, "caprino", "caprino albino", "H", 91, "2006-02-16", null, null, null, 5),
(113, "caprino", "caprino comun", "M", 30, "2011-05-04", null, null, null, 3),
(114, "caprino", "caprino mini", "M", 33, "2008-06-04", null, null, null, 7),
(115, "ovino", "ovino shiny", "H", 77, "2007-11-09", null, null, null, 7),
(116, "bovino", "bovino comun", "M", 66, "2013-04-06", null, null, null, 4),
(117, "bovino", "bovino albino", "H", 28, "2010-09-09", null, null, null, 4),
(118, "porcino", "porcino albino", "H", 112, "2007-04-05", null, null, null, 6),
(119, "ovino", "ovino sinpelo", "M", 95, "2008-10-13", null, null, null, 3),
(120, "bovino", "bovino mini", "H", 40, "2011-06-19", null, null, null, 7),
(121, "bovino", "bovino albino", "H", 40, "2014-01-15", null, null, null, 5),
(122, "bovino", "bovino albino", "H", 56, "2005-04-11", null, null, null, 3),
(123, "caprino", "caprino comun", "H", 35, "2010-01-25", null, null, null, 4),
(124, "caprino", "caprino albino", "M", 47, "2011-11-10", null, null, null, 7),
(125, "ovino", "ovino mini", "M", 102, "2011-11-02", null, null, null, 4),
(126, "bovino", "bovino enorme", "M", 23, "2005-11-08", null, null, null, 2),
(127, "ovino", "ovino mini", "H", 80, "2007-04-15", null, null, null, 1),
(128, "caprino", "caprino enorme", "H", 24, "2008-07-17", null, null, null, 3),
(129, "porcino", "porcino comun", "H", 69, "2012-10-19", null, null, null, 6),
(130, "ovino", "ovino comun", "H", 115, "2009-04-17", null, null, null, 4),
(131, "ovino", "ovino sinpelo", "M", 103, "2010-06-01", null, null, null, 4),
(132, "porcino", "porcino comun", "M", 49, "2008-05-25", null, null, null, 3),
(133, "porcino", "porcino sinpelo", "M", 105, "2013-11-24", null, null, null, 3),
(134, "caprino", "caprino shiny", "M", 28, "2007-12-08", null, null, null, 1),
(135, "porcino", "porcino albino", "M", 68, "2012-11-24", null, null, null, 7),
(136, "ovino", "ovino albino", "H", 111, "2011-09-08", null, null, null, 5),
(137, "caprino", "caprino mini", "M", 112, "2008-05-08", null, null, null, 2),
(138, "bovino", "bovino mini", "M", 36, "2010-09-03", null, null, null, 5),
(139, "porcino", "porcino albino", "H", 73, "2012-11-03", null, null, null, 1),
(140, "porcino", "porcino shiny", "H", 92, "2008-07-02", null, null, null, 3),
(141, "caprino", "caprino shiny", "H", 71, "2010-03-17", null, null, null, 3),
(142, "caprino", "caprino shiny", "H", 90, "2014-11-15", null, null, null, 3),
(143, "ovino", "ovino enorme", "H", 102, "2013-01-04", null, null, null, 4),
(144, "caprino", "caprino comun", "H", 94, "2005-04-16", null, null, null, 6),
(145, "bovino", "bovino mini", "H", 116, "2010-02-06", null, null, null, 5),
(146, "ovino", "ovino enorme", "H", 49, "2014-06-18", null, null, null, 2),
(147, "caprino", "caprino albino", "M", 114, "2010-10-22", null, null, null, 7),
(148, "caprino", "caprino comun", "H", 70, "2008-11-11", null, null, null, 6),
(149, "bovino", "bovino shiny", "M", 33, "2011-08-20", null, null, null, 5),
(150, "bovino", "bovino shiny", "H", 28, "2005-09-11", null, null, null, 3),
(151, "porcino", "porcino sinpelo", "H", 52, "2010-02-18", null, null, null, 2),
(152, "porcino", "porcino albino", "M", 95, "2007-02-23", null, null, null, 6),
(153, "bovino", "bovino shiny", "M", 80, "2013-12-03", null, null, null, 2),
(154, "bovino", "bovino comun", "H", 86, "2013-10-07", null, null, null, 4),
(155, "porcino", "porcino comun", "M", 75, "2006-11-20", null, null, null, 1),
(156, "caprino", "caprino mini", "H", 58, "2007-12-10", null, null, null, 3),
(157, "bovino", "bovino albino", "H", 34, "2014-06-22", null, null, null, 1),
(158, "caprino", "caprino shiny", "H", 117, "2007-07-24", null, null, null, 3),
(159, "caprino", "caprino enorme", "M", 21, "2014-01-03", null, null, null, 3),
(160, "porcino", "porcino sinpelo", "H", 70, "2010-04-23", null, null, null, 7),
(161, "porcino", "porcino comun", "H", 63, "2006-06-06", null, null, null, 2),
(162, "ovino", "ovino shiny", "M", 88, "2011-03-02", null, null, null, 3),
(163, "ovino", "ovino mini", "H", 87, "2013-06-10", null, null, null, 5),
(164, "caprino", "caprino shiny", "H", 115, "2010-04-09", null, null, null, 2),
(165, "porcino", "porcino shiny", "M", 24, "2012-12-11", null, null, null, 3),
(166, "ovino", "ovino enorme", "H", 88, "2012-03-10", null, null, null, 1),
(167, "bovino", "bovino mini", "M", 45, "2010-06-14", null, null, null, 6),
(168, "caprino", "caprino shiny", "H", 107, "2013-02-17", null, null, null, 4),
(169, "porcino", "porcino enorme", "H", 83, "2011-09-05", null, null, null, 5),
(170, "caprino", "caprino comun", "H", 107, "2005-05-04", null, null, null, 5),
(171, "bovino", "bovino comun", "H", 70, "2012-04-22", null, null, null, 4),
(172, "porcino", "porcino sinpelo", "M", 87, "2011-11-01", null, null, null, 4),
(173, "bovino", "bovino comun", "M", 64, "2014-03-28", null, null, null, 5),
(174, "porcino", "porcino albino", "M", 39, "2014-10-18", null, null, null, 1),
(175, "bovino", "bovino mini", "M", 101, "2006-01-18", null, null, null, 6),
(176, "caprino", "caprino albino", "H", 34, "2006-05-01", null, null, null, 3),
(177, "ovino", "ovino shiny", "M", 21, "2007-07-24", null, null, null, 6),
(178, "caprino", "caprino albino", "H", 109, "2009-12-01", null, null, null, 5),
(179, "ovino", "ovino albino", "M", 29, "2010-11-12", null, null, null, 1),
(180, "porcino", "porcino enorme", "H", 109, "2008-05-19", null, null, null, 1),
(181, "ovino", "ovino comun", "M", 33, "2005-07-14", null, null, null, 7),
(182, "porcino", "porcino shiny", "H", 30, "2005-02-14", null, null, null, 4),
(183, "caprino", "caprino enorme", "H", 104, "2005-02-05", null, null, null, 3),
(184, "bovino", "bovino shiny", "M", 20, "2014-03-22", null, null, null, 1),
(185, "bovino", "bovino mini", "M", 26, "2005-08-27", null, null, null, 3),
(186, "caprino", "caprino shiny", "H", 77, "2014-06-25", null, null, null, 4),
(187, "bovino", "bovino albino", "H", 66, "2005-01-24", null, null, null, 5),
(188, "bovino", "bovino comun", "M", 110, "2011-01-18", null, null, null, 3),
(189, "bovino", "bovino enorme", "H", 25, "2014-12-05", null, null, null, 4),
(190, "bovino", "bovino albino", "H", 92, "2009-04-13", null, null, null, 5),
(191, "ovino", "ovino shiny", "H", 113, "2006-11-10", null, null, null, 4),
(192, "bovino", "bovino shiny", "H", 78, "2005-01-27", null, null, null, 1),
(193, "ovino", "ovino shiny", "H", 117, "2005-02-01", null, null, null, 5),
(194, "ovino", "ovino mini", "M", 114, "2006-12-27", null, null, null, 1),
(195, "porcino", "porcino comun", "H", 77, "2008-07-15", null, null, null, 4),
(196, "caprino", "caprino albino", "M", 114, "2011-10-01", null, null, null, 4),
(197, "caprino", "caprino comun", "M", 57, "2013-08-14", null, null, null, 7),
(198, "ovino", "ovino enorme", "M", 28, "2011-03-21", null, null, null, 1),
(199, "ovino", "ovino albino", "M", 37, "2007-04-18", null, null, null, 1),
(200, "ovino", "ovino enorme", "M", 69, "2009-01-01", null, null, null, 7)
;

INSERT INTO RES
(num_control, especie, raza, sexo, peso, f_nacimiento, res_madre, res_padre, granja_nacimiento, granja_actual)
VALUES
(201, "caprino", "caprino comun", "H", 113, "2016-07-25", 141, 142, 3, 6),
(202, "caprino", "caprino shiny", "M", 43, "2016-08-22", 27, 114, 7, 6),
(203, "porcino", "porcino comun", "M", 42, "2016-10-13", 100, 189, 4, 5),
(204, "porcino", "porcino sinpelo", "H", 110, "2020-01-10", 65, 65, 2, 7),
(205, "porcino", "porcino shiny", "H", 86, "2017-03-20", 95, 70, 6, 5),
(206, "caprino", "caprino shiny", "M", 50, "2021-07-06", 13, 142, 3, 6),
(207, "porcino", "porcino sinpelo", "H", 77, "2020-06-19", 24, 66, 4, 1),
(208, "caprino", "caprino comun", "H", 107, "2016-02-09", 27, 83, 7, 4),
(209, "ovino", "ovino sinpelo", "H", 87, "2015-08-06", 160, 160, 7, 4),
(210, "porcino", "porcino albino", "H", 47, "2019-03-03", 68, 68, 1, 2),
(211, "porcino", "porcino shiny", "H", 63, "2017-10-15", 126, 126, 2, 1),
(212, "ovino", "ovino sinpelo", "M", 71, "2020-06-10", 29, 29, 1, 5),
(213, "bovino", "bovino mini", "H", 33, "2020-11-02", 76, 117, 4, 6),
(214, "ovino", "ovino albino", "H", 108, "2015-07-22", 199, 39, 1, 7),
(215, "caprino", "caprino albino", "H", 85, "2020-07-28", 117, 154, 4, 1),
(216, "caprino", "caprino mini", "M", 22, "2020-11-13", 59, 148, 6, 2),
(217, "bovino", "bovino comun", "H", 52, "2019-08-26", 91, 58, 1, 3),
(218, "ovino", "ovino enorme", "M", 53, "2021-03-08", 48, 128, 3, 5),
(219, "ovino", "ovino comun", "M", 25, "2015-12-07", 87, 95, 6, 4),
(220, "bovino", "bovino mini", "M", 79, "2015-03-19", 199, 39, 1, 7),
(221, "caprino", "caprino mini", "M", 50, "2018-11-18", 171, 85, 4, 4),
(222, "porcino", "porcino mini", "H", 115, "2021-02-04", 25, 190, 5, 2),
(223, "caprino", "caprino albino", "M", 106, "2017-07-25", 94, 17, 6, 6),
(224, "caprino", "caprino enorme", "H", 69, "2017-10-21", 128, 97, 3, 3),
(225, "bovino", "bovino albino", "H", 20, "2017-11-20", 54, 135, 7, 5),
(226, "porcino", "porcino mini", "H", 84, "2020-04-28", 28, 150, 3, 5),
(227, "bovino", "bovino shiny", "H", 102, "2016-04-15", 8, 107, 6, 7),
(228, "bovino", "bovino mini", "M", 78, "2020-06-25", 152, 33, 6, 1),
(229, "porcino", "porcino enorme", "H", 56, "2020-06-16", 99, 158, 3, 7),
(230, "caprino", "caprino shiny", "H", 22, "2021-12-28", 156, 99, 3, 6),
(231, "porcino", "porcino albino", "H", 87, "2020-01-23", 153, 88, 2, 6),
(232, "bovino", "bovino sinpelo", "M", 94, "2021-02-19", 61, 172, 4, 1),
(233, "porcino", "porcino sinpelo", "M", 88, "2016-11-17", 122, 111, 3, 2),
(234, "caprino", "caprino enorme", "M", 64, "2019-02-21", 7, 37, 6, 2),
(235, "porcino", "porcino mini", "M", 67, "2015-09-15", 175, 79, 6, 3),
(236, "porcino", "porcino mini", "M", 89, "2021-03-25", 129, 17, 6, 6),
(237, "ovino", "ovino shiny", "M", 109, "2019-08-01", 183, 13, 3, 6),
(238, "porcino", "porcino enorme", "H", 116, "2017-03-23", 128, 97, 3, 3),
(239, "caprino", "caprino albino", "M", 28, "2020-01-23", 13, 158, 3, 7),
(240, "ovino", "ovino enorme", "H", 88, "2020-06-26", 7, 32, 6, 3),
(241, "bovino", "bovino shiny", "H", 89, "2020-08-11", 191, 130, 4, 1),
(242, "caprino", "caprino sinpelo", "M", 60, "2017-06-28", 184, 57, 1, 6),
(243, "porcino", "porcino shiny", "M", 57, "2017-09-23", 114, 27, 7, 3),
(244, "bovino", "bovino enorme", "H", 93, "2019-05-16", 150, 28, 3, 5),
(245, "ovino", "ovino comun", "M", 86, "2017-12-07", 10, 44, 1, 2),
(246, "caprino", "caprino enorme", "H", 86, "2019-03-25", 71, 70, 6, 4),
(247, "ovino", "ovino mini", "M", 108, "2021-03-09", 100, 117, 4, 4),
(248, "ovino", "ovino albino", "H", 76, "2020-02-05", 99, 48, 3, 6),
(249, "porcino", "porcino sinpelo", "M", 62, "2020-08-24", 31, 56, 6, 7),
(250, "ovino", "ovino enorme", "M", 81, "2016-07-06", 118, 46, 6, 7),
(251, "bovino", "bovino enorme", "M", 90, "2016-02-02", 25, 187, 5, 7),
(252, "bovino", "bovino shiny", "H", 107, "2016-04-28", 13, 141, 3, 1),
(253, "caprino", "caprino shiny", "M", 84, "2018-09-13", 171, 100, 4, 3),
(254, "caprino", "caprino albino", "H", 22, "2015-12-16", 141, 183, 3, 5),
(255, "ovino", "ovino comun", "H", 95, "2015-03-05", 149, 138, 5, 7),
(256, "bovino", "bovino sinpelo", "H", 112, "2020-10-13", 175, 167, 6, 1),
(257, "bovino", "bovino shiny", "H", 92, "2021-07-18", 187, 25, 5, 7),
(258, "bovino", "bovino enorme", "H", 110, "2016-03-23", 67, 172, 4, 6),
(259, "porcino", "porcino albino", "M", 57, "2018-07-10", 45, 45, 7, 5),
(260, "bovino", "bovino shiny", "H", 68, "2017-11-01", 138, 138, 5, 7),
(261, "ovino", "ovino shiny", "H", 112, "2016-04-19", 99, 183, 3, 7),
(262, "bovino", "bovino shiny", "M", 72, "2015-08-06", 93, 153, 2, 1),
(263, "bovino", "bovino comun", "H", 32, "2019-01-02", 1, 1, 3, 5),
(264, "bovino", "bovino mini", "H", 54, "2020-10-19", 122, 28, 3, 1),
(265, "ovino", "ovino mini", "M", 56, "2017-05-06", 13, 176, 3, 1),
(266, "ovino", "ovino sinpelo", "M", 25, "2021-06-10", 99, 158, 3, 2),
(267, "bovino", "bovino shiny", "H", 28, "2018-08-26", 187, 145, 5, 3),
(268, "bovino", "bovino sinpelo", "M", 24, "2021-06-02", 193, 72, 5, 3),
(269, "ovino", "ovino mini", "H", 62, "2020-01-20", 194, 84, 1, 6),
(270, "porcino", "porcino enorme", "H", 107, "2017-09-13", 42, 52, 6, 5),
(271, "caprino", "caprino mini", "M", 60, "2021-10-19", 62, 116, 4, 1),
(272, "porcino", "porcino albino", "M", 30, "2016-06-16", 114, 124, 7, 6),
(273, "porcino", "porcino sinpelo", "H", 101, "2020-10-15", 142, 176, 3, 3),
(274, "bovino", "bovino enorme", "H", 97, "2020-09-25", 141, 13, 3, 7),
(275, "porcino", "porcino albino", "M", 117, "2017-12-18", 156, 13, 3, 2),
(276, "ovino", "ovino sinpelo", "H", 98, "2020-09-22", 51, 105, 1, 3),
(277, "bovino", "bovino enorme", "M", 103, "2019-11-16", 142, 156, 3, 2),
(278, "ovino", "ovino sinpelo", "M", 70, "2020-11-02", 98, 119, 3, 3),
(279, "caprino", "caprino sinpelo", "M", 80, "2021-08-23", 54, 64, 7, 1),
(280, "porcino", "porcino albino", "H", 38, "2015-04-05", 21, 45, 7, 5),
(281, "caprino", "caprino shiny", "H", 60, "2018-02-13", 37, 49, 6, 3),
(282, "porcino", "porcino shiny", "M", 116, "2020-06-06", 29, 180, 1, 4),
(283, "caprino", "caprino enorme", "M", 104, "2021-05-06", 79, 79, 6, 3),
(284, "porcino", "porcino shiny", "M", 32, "2020-07-14", 111, 122, 3, 5),
(285, "caprino", "caprino enorme", "M", 83, "2021-10-14", 11, 109, 2, 3),
(286, "caprino", "caprino shiny", "M", 97, "2020-07-16", 56, 73, 6, 1),
(287, "bovino", "bovino mini", "M", 47, "2018-01-20", 46, 17, 6, 2),
(288, "ovino", "ovino albino", "M", 92, "2020-04-23", 78, 120, 7, 5),
(289, "bovino", "bovino comun", "M", 104, "2020-02-22", 57, 184, 1, 5),
(290, "ovino", "ovino enorme", "M", 51, "2020-02-26", 156, 13, 3, 6),
(291, "ovino", "ovino comun", "H", 63, "2020-10-08", 144, 144, 6, 7),
(292, "porcino", "porcino shiny", "H", 117, "2021-06-14", 96, 119, 3, 6),
(293, "caprino", "caprino shiny", "M", 82, "2021-11-16", 187, 190, 5, 3),
(294, "porcino", "porcino comun", "M", 112, "2017-11-12", 79, 81, 6, 6),
(295, "bovino", "bovino mini", "M", 61, "2019-09-11", 23, 17, 6, 1),
(296, "porcino", "porcino comun", "M", 102, "2017-05-02", 12, 12, 5, 3),
(297, "caprino", "caprino shiny", "H", 29, "2021-06-12", 169, 82, 5, 5),
(298, "caprino", "caprino comun", "H", 118, "2019-11-15", 133, 9, 3, 1),
(299, "caprino", "caprino comun", "H", 83, "2018-01-01", 15, 55, 5, 6),
(300, "porcino", "porcino mini", "H", 88, "2016-01-21", 59, 70, 6, 2),
(301, "caprino", "caprino sinpelo", "M", 33, "2016-08-20", 194, 77, 1, 5),
(302, "bovino", "bovino shiny", "M", 33, "2016-03-14", 59, 71, 6, 3),
(303, "ovino", "ovino shiny", "H", 43, "2021-07-11", 70, 59, 6, 2),
(304, "ovino", "ovino sinpelo", "M", 67, "2017-09-08", 42, 17, 6, 3),
(305, "porcino", "porcino shiny", "H", 96, "2016-03-04", 88, 47, 2, 3),
(306, "ovino", "ovino shiny", "M", 84, "2016-11-09", 155, 174, 1, 4),
(307, "ovino", "ovino shiny", "M", 65, "2017-09-02", 23, 23, 6, 5),
(308, "porcino", "porcino albino", "H", 20, "2019-02-08", 122, 122, 3, 3),
(309, "porcino", "porcino albino", "H", 60, "2017-03-21", 110, 78, 7, 1),
(310, "porcino", "porcino enorme", "M", 114, "2020-02-08", 89, 3, 2, 7),
(311, "porcino", "porcino enorme", "H", 112, "2016-05-07", 46, 46, 6, 3),
(312, "ovino", "ovino albino", "M", 22, "2019-04-08", 118, 118, 6, 2),
(313, "bovino", "bovino shiny", "H", 28, "2018-06-08", 48, 97, 3, 1),
(314, "bovino", "bovino sinpelo", "M", 96, "2019-10-09", 158, 13, 3, 7),
(315, "ovino", "ovino comun", "M", 80, "2015-05-08", 94, 42, 6, 7),
(316, "ovino", "ovino sinpelo", "H", 100, "2018-10-19", 136, 163, 5, 1),
(317, "porcino", "porcino albino", "M", 107, "2016-04-22", 58, 35, 1, 5),
(318, "porcino", "porcino mini", "M", 94, "2017-03-08", 179, 39, 1, 1),
(319, "bovino", "bovino mini", "H", 70, "2017-03-18", 97, 158, 3, 1),
(320, "porcino", "porcino sinpelo", "M", 104, "2017-05-06", 112, 104, 5, 5),
(321, "ovino", "ovino sinpelo", "H", 92, "2020-09-06", 144, 71, 6, 7),
(322, "bovino", "bovino enorme", "M", 40, "2018-11-01", 11, 11, 2, 1),
(323, "caprino", "caprino sinpelo", "H", 24, "2019-09-27", 156, 142, 3, 6),
(324, "porcino", "porcino shiny", "H", 78, "2018-02-08", 97, 48, 3, 1),
(325, "porcino", "porcino albino", "H", 111, "2015-01-18", 118, 23, 6, 4),
(326, "ovino", "ovino sinpelo", "M", 104, "2016-02-17", 169, 12, 5, 1),
(327, "porcino", "porcino albino", "H", 111, "2021-02-06", 133, 132, 3, 5),
(328, "porcino", "porcino shiny", "M", 34, "2019-01-07", 11, 11, 2, 6),
(329, "bovino", "bovino shiny", "H", 52, "2017-09-27", 31, 73, 6, 3),
(330, "ovino", "ovino shiny", "H", 87, "2020-10-22", 27, 83, 7, 2),
(331, "bovino", "bovino albino", "M", 23, "2018-09-19", 124, 197, 7, 2),
(332, "bovino", "bovino sinpelo", "M", 95, "2020-07-25", 85, 189, 4, 1),
(333, "porcino", "porcino enorme", "H", 64, "2020-10-02", 152, 152, 6, 1),
(334, "bovino", "bovino sinpelo", "H", 44, "2020-10-20", 60, 36, 1, 4),
(335, "porcino", "porcino mini", "M", 31, "2018-10-26", 91, 58, 1, 7),
(336, "caprino", "caprino sinpelo", "H", 38, "2019-02-13", 183, 48, 3, 7),
(337, "caprino", "caprino enorme", "M", 81, "2018-06-08", 60, 60, 1, 7),
(338, "bovino", "bovino mini", "H", 40, "2017-10-25", 148, 70, 6, 4),
(339, "bovino", "bovino shiny", "H", 65, "2019-06-07", 156, 128, 3, 2),
(340, "ovino", "ovino albino", "H", 55, "2015-08-13", 58, 57, 1, 1),
(341, "ovino", "ovino comun", "H", 64, "2020-06-15", 21, 30, 7, 7),
(342, "porcino", "porcino mini", "M", 117, "2021-07-14", 51, 166, 1, 7),
(343, "bovino", "bovino albino", "H", 28, "2020-07-11", 59, 87, 6, 4),
(344, "bovino", "bovino mini", "M", 49, "2016-06-22", 55, 53, 5, 1),
(345, "porcino", "porcino albino", "M", 77, "2018-07-25", 141, 48, 3, 4),
(346, "porcino", "porcino enorme", "H", 89, "2020-06-21", 128, 99, 3, 4),
(347, "porcino", "porcino sinpelo", "M", 83, "2017-11-02", 12, 82, 5, 4),
(348, "caprino", "caprino enorme", "M", 100, "2020-03-28", 76, 154, 4, 3),
(349, "bovino", "bovino albino", "M", 119, "2020-08-01", 133, 132, 3, 4),
(350, "porcino", "porcino albino", "H", 40, "2017-09-11", 114, 124, 7, 2),
(351, "bovino", "bovino sinpelo", "M", 119, "2015-05-09", 119, 98, 3, 6),
(352, "ovino", "ovino albino", "M", 102, "2016-02-19", 44, 155, 1, 6),
(353, "ovino", "ovino mini", "M", 69, "2017-07-22", 44, 10, 1, 5),
(354, "bovino", "bovino sinpelo", "H", 82, "2021-07-22", 97, 99, 3, 1),
(355, "bovino", "bovino enorme", "M", 61, "2015-11-12", 117, 76, 4, 3),
(356, "bovino", "bovino sinpelo", "H", 48, "2015-03-27", 183, 176, 3, 2),
(357, "porcino", "porcino shiny", "M", 70, "2018-08-06", 67, 24, 4, 1),
(358, "bovino", "bovino mini", "M", 97, "2019-03-21", 128, 183, 3, 3),
(359, "ovino", "ovino sinpelo", "H", 39, "2019-06-11", 170, 112, 5, 5),
(360, "caprino", "caprino albino", "M", 43, "2018-07-02", 20, 92, 2, 3),
(361, "caprino", "caprino sinpelo", "M", 28, "2017-11-27", 179, 198, 1, 4),
(362, "ovino", "ovino sinpelo", "M", 74, "2018-02-16", 21, 45, 7, 6),
(363, "porcino", "porcino mini", "H", 114, "2020-02-23", 147, 147, 7, 2),
(364, "porcino", "porcino sinpelo", "H", 56, "2017-01-21", 195, 195, 4, 5),
(365, "porcino", "porcino comun", "H", 52, "2019-01-08", 125, 18, 4, 6),
(366, "bovino", "bovino mini", "H", 67, "2016-08-16", 190, 187, 5, 7),
(367, "bovino", "bovino shiny", "M", 43, "2017-03-17", 42, 94, 6, 6),
(368, "bovino", "bovino shiny", "H", 65, "2017-10-06", 176, 99, 3, 6),
(369, "bovino", "bovino mini", "M", 32, "2017-09-10", 22, 22, 5, 3),
(370, "ovino", "ovino mini", "M", 56, "2017-09-18", 10, 155, 1, 2),
(371, "porcino", "porcino sinpelo", "H", 99, "2016-09-20", 67, 24, 4, 1),
(372, "ovino", "ovino mini", "H", 63, "2021-12-11", 48, 97, 3, 2),
(373, "bovino", "bovino shiny", "H", 61, "2021-04-25", 106, 21, 7, 5),
(374, "porcino", "porcino comun", "M", 33, "2019-11-14", 114, 83, 7, 4),
(375, "ovino", "ovino enorme", "H", 80, "2020-08-20", 1, 9, 3, 6),
(376, "caprino", "caprino sinpelo", "H", 115, "2015-07-20", 33, 4, 6, 4),
(377, "porcino", "porcino enorme", "H", 60, "2016-12-11", 58, 58, 1, 7),
(378, "porcino", "porcino albino", "H", 98, "2019-02-09", 141, 156, 3, 4),
(379, "bovino", "bovino sinpelo", "H", 21, "2017-04-16", 38, 3, 2, 2),
(380, "caprino", "caprino comun", "M", 21, "2018-03-21", 37, 49, 6, 4),
(381, "porcino", "porcino albino", "H", 77, "2017-08-10", 173, 149, 5, 2),
(382, "bovino", "bovino sinpelo", "M", 60, "2016-12-10", 27, 147, 7, 3),
(383, "ovino", "ovino sinpelo", "M", 101, "2017-11-07", 88, 126, 2, 1),
(384, "bovino", "bovino enorme", "H", 68, "2017-12-18", 81, 175, 6, 6),
(385, "ovino", "ovino sinpelo", "H", 53, "2018-07-19", 36, 36, 1, 6),
(386, "porcino", "porcino enorme", "H", 109, "2019-10-14", 35, 58, 1, 2),
(387, "porcino", "porcino albino", "H", 94, "2021-10-20", 114, 147, 7, 2),
(388, "bovino", "bovino shiny", "M", 28, "2017-07-21", 183, 156, 3, 7),
(389, "bovino", "bovino comun", "M", 54, "2017-09-27", 13, 141, 3, 2),
(390, "bovino", "bovino shiny", "M", 67, "2017-10-03", 141, 176, 3, 2),
(391, "bovino", "bovino shiny", "M", 31, "2018-02-09", 112, 104, 5, 2),
(392, "porcino", "porcino albino", "M", 28, "2016-12-13", 129, 118, 6, 2),
(393, "bovino", "bovino mini", "M", 93, "2021-05-12", 2, 12, 5, 1),
(394, "caprino", "caprino mini", "H", 110, "2021-06-01", 73, 31, 6, 5),
(395, "porcino", "porcino enorme", "H", 64, "2020-05-13", 184, 58, 1, 7),
(396, "caprino", "caprino shiny", "H", 22, "2018-08-13", 76, 100, 4, 6),
(397, "bovino", "bovino albino", "H", 39, "2017-05-19", 128, 97, 3, 3),
(398, "bovino", "bovino mini", "M", 65, "2019-08-19", 94, 94, 6, 7),
(399, "caprino", "caprino shiny", "M", 69, "2020-06-06", 52, 17, 6, 5),
(400, "bovino", "bovino shiny", "M", 110, "2021-05-22", 38, 89, 2, 1)
;

INSERT INTO RES_SINTOMA
(num_control, id_sintoma)
VALUES
(116, 8),
(116, 9),
(86, 11),
(12, 12),
(17, 7),
(109, 1),
(156, 1),
(110, 13),
(127, 2),
(164, 13),
(129, 4),
(193, 2),
(128, 4),
(65, 12),
(21, 2),
(48, 2),
(51, 1),
(50, 3),
(47, 6),
(61, 1),
(119, 5),
(22, 2),
(142, 11),
(172, 1),
(27, 8),
(17, 4),
(147, 13),
(43, 11),
(74, 1),
(65, 10),
(66, 9),
(9, 9),
(29, 8),
(28, 3),
(108, 13),
(13, 9),
(27, 11),
(47, 7),
(46, 10),
(177, 7),
(96, 12),
(76, 3),
(101, 5),
(137, 8),
(106, 5),
(35, 7),
(183, 5),
(66, 2),
(25, 4),
(177, 13)
;

INSERT INTO RES_ENFERMEDAD
(num_control, id_enfermedad, fecha)
VALUES
(116, 1, "2020-05-20"),
(86, 6, "2019-05-05"),
(12, 6, "2021-10-12"),
(17, 3, "2018-04-13"),
(109, 1, "2018-10-18"),
(156, 1, "2022-12-21"),
(127, 1, "2020-02-10"),
(128, 4, "2021-12-03"),
(193, 2, "2021-09-23"),
(65, 6, "2021-10-01"),
(21, 2, "2019-11-23"),
(48, 2, "2022-02-20"),
(51, 1, "2020-07-09"),
(50, 3, "2020-05-09"),
(50, 3, "2022-08-22"),
(47, 6, "2022-11-14"),
(61, 1, "2020-10-12"),
(119, 5, "2021-06-11"),
(22, 2, "2019-04-10"),
(142, 5, "2021-04-01"),
(172, 1, "2018-03-14"),
(27, 4, "2018-06-27"),
(43, 2, "2022-01-25"),
(74, 1, "2021-01-15"),
(65, 5, "2020-05-05"),
(9, 4, "2021-11-10"),
(29, 4, "2018-04-13"),
(28, 3, "2022-03-06"),
(13, 4, "2022-05-15"),
(27, 6, "2021-05-21"),
(47, 4, "2018-12-01"),
(46, 5, "2022-09-03"),
(177, 3, "2021-09-10"),
(96, 6, "2020-01-25"),
(76, 3, "2020-06-04"),
(101, 5, "2018-12-24"),
(137, 1, "2019-02-20"),
(106, 5, "2019-06-26"),
(35, 3, "2020-05-07"),
(183, 5, "2020-03-16"),
(66, 2, "2018-04-16"),
(25, 4, "2020-07-26")
;