DROP DATABASE GRANJA;
CREATE DATABASE GRANJA;
USE GRANJA;

CREATE TABLE GANADERO(
dni VARCHAR(9) PRIMARY KEY,
nombre VARCHAR(25) NOT NULL,
direccion VARCHAR(25),
telefono INT
);

CREATE TABLE GRANJA(
id_granja INT UNSIGNED AUTO_INCREMENT PRIMARY KEY,
nombre VARCHAR(25) NOT NULL,
direccion VARCHAR(25),
propietario VARCHAR(9) NOT NULL,
FOREIGN KEY (propietario) REFERENCES GANADERO (dni)
                          ON UPDATE CASCADE
);

CREATE TABLE SINTOMAS(
id_sintoma INT UNSIGNED AUTO_INCREMENT PRIMARY KEY,
descripcion VARCHAR(50) UNIQUE NOT NULL,
gravedad ENUM("ligero", "normal", "grave", "cronico")
);

CREATE TABLE ENFERMEDAD(
id_enfermedad INT UNSIGNED AUTO_INCREMENT PRIMARY KEY,
descripcion VARCHAR(50) UNIQUE NOT NULL,
sinonimo VARCHAR(25),
tratamiento VARCHAR(255)
);

CREATE TABLE ENFERMEDAD_SINTOMAS(
id_enfermedad INT UNSIGNED,
id_sintoma INT UNSIGNED,
PRIMARY KEY (id_enfermedad, id_sintoma),
FOREIGN KEY (id_enfermedad) REFERENCES ENFERMEDAD (id_enfermedad),
FOREIGN KEY (id_sintoma) REFERENCES SINTOMAS (id_sintoma)
);

CREATE TABLE RES(
num_control INT UNSIGNED AUTO_INCREMENT PRIMARY KEY,
especie ENUM("ovino", "bovino", "caprino", "porcino"),
raza VARCHAR(25),
sexo ENUM("H", "M"),
peso INT UNSIGNED,
f_nacimiento DATE,
res_madre INT UNSIGNED,
res_padre INT UNSIGNED,
granja_nacimiento INT UNSIGNED,
granja_actual INT UNSIGNED,
FOREIGN KEY (res_madre) REFERENCES RES(num_control),
FOREIGN KEY (res_padre) REFERENCES RES(num_control),
FOREIGN KEY (granja_nacimiento) REFERENCES GRANJA(id_granja),
FOREIGN KEY (granja_actual) REFERENCES GRANJA(id_granja)
                            ON DELETE CASCADE
                            ON UPDATE CASCADE
);

CREATE TABLE RES_SINTOMA(
num_control INT UNSIGNED,
id_sintoma INT UNSIGNED,
PRIMARY KEY (num_control, id_sintoma),
FOREIGN KEY (num_control) REFERENCES RES(num_control)
                          ON DELETE CASCADE
                          ON UPDATE CASCADE,
FOREIGN KEY (id_sintoma) REFERENCES SINTOMAS(id_sintoma)
);

CREATE TABLE RES_ENFERMEDAD(
num_control INT UNSIGNED,
id_enfermedad INT UNSIGNED NOT NULL,
fecha DATE NOT NULL,
PRIMARY KEY (num_control, fecha),
FOREIGN KEY (num_control) REFERENCES RES(num_control)
                          ON DELETE CASCADE
                          ON UPDATE CASCADE,
FOREIGN KEY (id_enfermedad) REFERENCES ENFERMEDAD(id_enfermedad)
);

INSERT INTO GANADERO
(dni, nombre, direccion, telefono)
VALUES
("12345678A","Pepe","Calle falsa 123", 612123123),
("45678123B","Juan","Los Rosales, 3", 654654654),
("67812345C","Maria","El pinar, 9", 611222333),
("13579111D","Sofia","Los olvidos", 696797979),
("24681012E","Antonio","Calle wakanda", 666778899)
;


INSERT INTO GRANJA
(id_granja, nombre, direccion, propietario)
VALUES
(1, "Animalitos para todos", "Calle vaquera n 2", "12345678A"),
(2, "Animalitos para todos2", "Calle huelva esquina", "12345678A"),
(3, "Refugio dentado", "Urbanizacion buenavista", "45678123B"),
(4, "El matadero", "Calle ventura, 23", "67812345C"),
(5, "Vacas Locas", "Calle ventura, 22", "13579111D"),
(6, "Ovejas Locas", "Calle ventura, 24", "13579111D"),
(7, "Paraiso", "Calle Santa Fobia, 1", "24681012E")
;

INSERT INTO SINTOMAS
(id_sintoma, descripcion, gravedad)
VALUES
(null, "Lengua morada", "ligero"),
(null, "Herida con algo de sangre", "normal"),
(null, "Herida con sangre abundante", "grave"),
(null, "Boca muy seca", "ligero"),
(null, "Le falta una o varias extremidades", "cronico"),
(null, "Cuerno roto", "normal"),
(null, "Pata inchada", "normal"),
(null, "Hace ruidos de quejido constantes", "grave"),
(null, "Pupilas dilatadas, reacciona a la luz", "normal"),
(null, "Pupilas dilatadas, pero no reacciona a la luz", "cronico"),
(null, "Cojea", "ligero"),
(null, "No puede caminar", "grave"),
(null, "No puede levantarse del suelo", "cronico")
;

INSERT INTO ENFERMEDAD
(id_enfermedad, descripcion, sinonimo, tratamiento)
VALUES
(null, "Cojera", null, "Reposo y frio"),
(null, "Ceguera", null, "Evitar espacios cerrados y pequeños."),
(null, "Gripe A", "Vacas Locas", "Medicamentos recomendados por el veterinario"),
(null, "Contusion", "Golpes", "Reposo"),
(null, "Mutilacion", "Tres Patas", "Usar aparato con ruedas para que pueda caminar"),
(null, "Constipado", "Sequedad", "Comida aguada, poca cantidad")
;

INSERT INTO ENFERMEDAD_SINTOMAS
(id_enfermedad, id_sintoma)
VALUES
(1,3),
(1,5),
(2,8),
(2,9),
(2,10),
(3,1),
(3,4),
(3,9),
(4,2),
(4,6),
(4,7),
(4,11),
(4,12),
(5,2),
(5,3),
(5,12),
(5,13),
(6,1),
(6,4),
(6,8)
;

INSERT INTO RES
(num_control, especie, raza, sexo, peso, f_nacimiento, res_madre, res_padre, granja_nacimiento, granja_actual)
VALUES
(1, "ovino", "ovino enorme", "H", 20, "2012-06-09", null, null, null, 3),
(2, "porcino", "porcino comun", "M", 85, "2012-02-02", null, null, null, 6),
(3, "ovino", "ovino albino", "H", 90, "2011-10-05", null, null, null, 1),
(4, "porcino", "porcino comun", "H", 76, "2006-07-25", null, null, null, 6),
(5, "caprino", "caprino enorme", "M", 25, "2005-02-02", null, null, null, 3),
(6, "caprino", "caprino enorme", "M", 77, "2009-06-01", null, null, null, 3),
(7, "ovino", "ovino enorme", "H", 26, "2007-08-05", null, null, null, 5),
(8, "caprino", "caprino enorme", "H", 22, "2007-06-25", null, null, null, 6),
(9, "porcino", "porcino sinpelo", "M", 29, "2005-03-06", null, null, null, 2),
(10, "bovino", "bovino enorme", "M", 97, "2014-10-01", null, null, null, 6),
(11, "ovino", "ovino enorme", "M", 51, "2007-11-21", null, null, null, 5),
(12, "ovino", "ovino mini", "H", 113, "2005-11-09", null, null, null, 4),
(13, "ovino", "ovino albino", "H", 100, "2007-05-17", null, null, null, 7),
(14, "porcino", "porcino sinpelo", "H", 70, "2007-02-23", null, null, null, 4),
(15, "bovino", "bovino albino", "M", 105, "2005-10-06", null, null, null, 6),
(16, "ovino", "ovino shiny", "H", 60, "2010-06-21", null, null, null, 2),
(17, "bovino", "bovino comun", "H", 108, "2007-02-13", null, null, null, 6),
(18, "bovino", "bovino mini", "M", 63, "2006-02-06", null, null, null, 5),
(19, "bovino", "bovino sinpelo", "M", 71, "2010-09-07", null, null, null, 3),
(20, "ovino", "ovino sinpelo", "M", 84, "2005-09-22", null, null, null, 6),
(21, "caprino", "caprino enorme", "H", 61, "2011-01-13", null, null, null, 1),
(22, "porcino", "porcino comun", "H", 80, "2006-08-02", null, null, null, 6),
(23, "caprino", "caprino enorme", "M", 31, "2005-08-26", null, null, null, 2),
(24, "ovino", "ovino mini", "M", 29, "2009-06-05", null, null, null, 1),
(25, "caprino", "caprino shiny", "H", 84, "2010-02-19", null, null, null, 2),
(26, "bovino", "bovino shiny", "H", 90, "2012-12-21", null, null, null, 1),
(27, "ovino", "ovino comun", "M", 46, "2011-04-28", null, null, null, 7),
(28, "caprino", "caprino comun", "M", 102, "2013-06-09", null, null, null, 3),
(29, "porcino", "porcino comun", "M", 104, "2005-08-04", null, null, null, 4),
(30, "porcino", "porcino sinpelo", "H", 78, "2013-11-07", null, null, null, 7),
(31, "bovino", "bovino comun", "M", 66, "2005-07-14", null, null, null, 4),
(32, "bovino", "bovino albino", "M", 34, "2005-04-20", null, null, null, 4),
(33, "ovino", "ovino mini", "M", 77, "2005-12-15", null, null, null, 3),
(34, "caprino", "caprino comun", "H", 117, "2007-05-08", null, null, null, 5),
(35, "caprino", "caprino mini", "M", 61, "2012-03-12", null, null, null, 2),
(36, "bovino", "bovino sinpelo", "M", 66, "2010-06-26", null, null, null, 6),
(37, "porcino", "porcino mini", "M", 24, "2005-10-01", null, null, null, 1),
(38, "bovino", "bovino enorme", "H", 70, "2013-05-03", null, null, null, 2),
(39, "porcino", "porcino albino", "M", 74, "2008-05-27", null, null, null, 1),
(40, "bovino", "bovino enorme", "H", 64, "2012-12-19", null, null, null, 6),
(41, "caprino", "caprino enorme", "H", 105, "2012-11-18", null, null, null, 7),
(42, "porcino", "porcino sinpelo", "H", 115, "2005-07-22", null, null, null, 6),
(43, "porcino", "porcino comun", "H", 103, "2005-12-20", null, null, null, 5),
(44, "bovino", "bovino sinpelo", "H", 55, "2012-08-07", null, null, null, 5),
(45, "ovino", "ovino comun", "H", 111, "2009-02-12", null, null, null, 3),
(46, "ovino", "ovino enorme", "M", 96, "2007-11-17", null, null, null, 1),
(47, "bovino", "bovino sinpelo", "H", 112, "2009-09-05", null, null, null, 4),
(48, "caprino", "caprino shiny", "H", 93, "2011-06-01", null, null, null, 3),
(49, "caprino", "caprino shiny", "M", 83, "2013-02-08", null, null, null, 7),
(50, "caprino", "caprino albino", "M", 96, "2012-01-02", null, null, null, 2),
(51, "porcino", "porcino mini", "M", 57, "2014-01-20", null, null, null, 4),
(52, "ovino", "ovino mini", "M", 41, "2013-01-13", null, null, null, 2),
(53, "bovino", "bovino shiny", "H", 56, "2006-02-28", null, null, null, 7),
(54, "caprino", "caprino mini", "H", 37, "2012-12-16", null, null, null, 4),
(55, "bovino", "bovino mini", "H", 43, "2010-07-12", null, null, null, 4),
(56, "porcino", "porcino enorme", "M", 87, "2013-11-01", null, null, null, 7),
(57, "ovino", "ovino enorme", "H", 29, "2006-07-05", null, null, null, 5),
(58, "bovino", "bovino comun", "M", 108, "2014-04-25", null, null, null, 6),
(59, "bovino", "bovino comun", "M", 110, "2014-08-18", null, null, null, 7),
(60, "ovino", "ovino mini", "H", 83, "2010-03-24", null, null, null, 2),
(61, "caprino", "caprino albino", "M", 56, "2006-06-26", null, null, null, 2),
(62, "caprino", "caprino comun", "M", 113, "2014-04-14", null, null, null, 7),
(63, "caprino", "caprino enorme", "H", 32, "2005-12-09", null, null, null, 1),
(64, "porcino", "porcino albino", "H", 104, "2013-05-03", null, null, null, 3),
(65, "bovino", "bovino enorme", "H", 68, "2007-12-08", null, null, null, 1),
(66, "caprino", "caprino sinpelo", "M", 46, "2005-06-14", null, null, null, 3),
(67, "ovino", "ovino enorme", "M", 57, "2007-02-27", null, null, null, 7),
(68, "caprino", "caprino enorme", "M", 37, "2012-11-25", null, null, null, 2),
(69, "bovino", "bovino mini", "H", 114, "2014-12-12", null, null, null, 6),
(70, "porcino", "porcino enorme", "H", 92, "2011-04-11", null, null, null, 4),
(71, "porcino", "porcino enorme", "M", 54, "2009-05-16", null, null, null, 2),
(72, "caprino", "caprino sinpelo", "M", 96, "2010-07-14", null, null, null, 5),
(73, "ovino", "ovino sinpelo", "H", 32, "2013-11-16", null, null, null, 4),
(74, "porcino", "porcino mini", "M", 50, "2008-06-15", null, null, null, 5),
(75, "porcino", "porcino enorme", "H", 102, "2006-09-01", null, null, null, 4),
(76, "ovino", "ovino comun", "H", 55, "2008-06-20", null, null, null, 6),
(77, "bovino", "bovino albino", "H", 42, "2012-03-18", null, null, null, 2),
(78, "ovino", "ovino albino", "M", 87, "2009-10-13", null, null, null, 3),
(79, "porcino", "porcino mini", "H", 93, "2012-03-18", null, null, null, 6),
(80, "porcino", "porcino enorme", "H", 116, "2012-09-09", null, null, null, 1),
(81, "ovino", "ovino albino", "M", 66, "2014-09-22", null, null, null, 6),
(82, "ovino", "ovino albino", "M", 110, "2006-01-22", null, null, null, 4),
(83, "porcino", "porcino enorme", "H", 63, "2013-08-27", null, null, null, 5),
(84, "ovino", "ovino enorme", "H", 90, "2012-07-04", null, null, null, 6),
(85, "bovino", "bovino sinpelo", "M", 68, "2011-05-11", null, null, null, 7),
(86, "ovino", "ovino albino", "H", 66, "2008-05-01", null, null, null, 6),
(87, "bovino", "bovino comun", "H", 49, "2014-05-20", null, null, null, 2),
(88, "caprino", "caprino comun", "M", 118, "2008-11-01", null, null, null, 5),
(89, "bovino", "bovino albino", "H", 29, "2007-11-08", null, null, null, 4),
(90, "porcino", "porcino shiny", "H", 69, "2007-11-27", null, null, null, 7),
(91, "bovino", "bovino sinpelo", "M", 72, "2007-03-10", null, null, null, 1),
(92, "ovino", "ovino sinpelo", "M", 100, "2007-07-08", null, null, null, 3),
(93, "porcino", "porcino mini", "M", 35, "2008-06-28", null, null, null, 3),
(94, "bovino", "bovino albino", "M", 49, "2012-02-03", null, null, null, 1),
(95, "ovino", "ovino enorme", "M", 39, "2014-01-10", null, null, null, 6),
(96, "bovino", "bovino shiny", "H", 62, "2010-11-10", null, null, null, 7),
(97, "caprino", "caprino mini", "M", 100, "2008-10-20", null, null, null, 4),
(98, "ovino", "ovino albino", "M", 26, "2007-05-13", null, null, null, 6),
(99, "bovino", "bovino shiny", "M", 80, "2013-11-05", null, null, null, 5),
(100, "bovino", "bovino comun", "M", 46, "2014-12-14", null, null, null, 1),
(101, "porcino", "porcino shiny", "M", 106, "2013-01-27", null, null, null, 5),
(102, "ovino", "ovino sinpelo", "M", 113, "2007-10-13", null, null, null, 4),
(103, "porcino", "porcino sinpelo", "H", 99, "2008-08-08", null, null, null, 7),
(104, "caprino", "caprino sinpelo", "M", 117, "2009-02-03", null, null, null, 4),
(105, "bovino", "bovino enorme", "M", 76, "2007-07-26", null, null, null, 5),
(106, "bovino", "bovino mini", "M", 39, "2012-12-06", null, null, null, 3),
(107, "ovino", "ovino comun", "M", 61, "2007-01-13", null, null, null, 5),
(108, "porcino", "porcino sinpelo", "M", 103, "2009-04-27", null, null, null, 7),
(109, "ovino", "ovino albino", "M", 66, "2005-05-24", null, null, null, 2),
(110, "bovino", "bovino albino", "M", 99, "2005-10-02", null, null, null, 7),
(111, "caprino", "caprino mini", "H", 91, "2006-12-08", null, null, null, 4),
(112, "porcino", "porcino enorme", "M", 60, "2014-03-25", null, null, null, 1),
(113, "ovino", "ovino shiny", "M", 82, "2005-06-20", null, null, null, 1),
(114, "ovino", "ovino shiny", "M", 29, "2009-01-09", null, null, null, 5),
(115, "porcino", "porcino enorme", "M", 113, "2008-04-01", null, null, null, 5),
(116, "bovino", "bovino comun", "M", 57, "2005-04-18", null, null, null, 2),
(117, "caprino", "caprino enorme", "H", 28, "2014-08-03", null, null, null, 4),
(118, "caprino", "caprino mini", "H", 108, "2009-04-05", null, null, null, 7),
(119, "porcino", "porcino mini", "H", 102, "2008-05-21", null, null, null, 5),
(120, "bovino", "bovino albino", "M", 88, "2008-02-27", null, null, null, 1),
(121, "caprino", "caprino comun", "M", 69, "2005-11-13", null, null, null, 6),
(122, "ovino", "ovino comun", "M", 81, "2013-11-01", null, null, null, 4),
(123, "porcino", "porcino comun", "H", 64, "2012-06-13", null, null, null, 1),
(124, "bovino", "bovino albino", "M", 111, "2010-05-28", null, null, null, 5),
(125, "bovino", "bovino shiny", "M", 31, "2006-08-17", null, null, null, 3),
(126, "porcino", "porcino mini", "M", 110, "2012-02-27", null, null, null, 4),
(127, "caprino", "caprino comun", "H", 48, "2008-06-22", null, null, null, 4),
(128, "caprino", "caprino albino", "H", 111, "2006-03-25", null, null, null, 5),
(129, "bovino", "bovino mini", "H", 118, "2008-03-04", null, null, null, 4),
(130, "porcino", "porcino albino", "M", 49, "2005-10-11", null, null, null, 1),
(131, "caprino", "caprino shiny", "H", 72, "2013-06-20", null, null, null, 3),
(132, "caprino", "caprino enorme", "H", 87, "2007-09-19", null, null, null, 6),
(133, "ovino", "ovino sinpelo", "H", 50, "2013-03-20", null, null, null, 4),
(134, "caprino", "caprino albino", "H", 45, "2013-12-06", null, null, null, 5),
(135, "porcino", "porcino comun", "M", 82, "2014-07-19", null, null, null, 6),
(136, "porcino", "porcino mini", "M", 63, "2005-03-12", null, null, null, 4),
(137, "ovino", "ovino shiny", "H", 43, "2009-11-26", null, null, null, 7),
(138, "bovino", "bovino mini", "H", 60, "2010-03-28", null, null, null, 7),
(139, "porcino", "porcino mini", "H", 30, "2005-07-26", null, null, null, 5),
(140, "ovino", "ovino mini", "M", 29, "2013-01-14", null, null, null, 1),
(141, "bovino", "bovino mini", "M", 93, "2006-12-27", null, null, null, 3),
(142, "caprino", "caprino enorme", "H", 25, "2009-04-11", null, null, null, 7),
(143, "caprino", "caprino shiny", "M", 87, "2012-01-25", null, null, null, 5),
(144, "ovino", "ovino shiny", "H", 100, "2010-03-09", null, null, null, 7),
(145, "caprino", "caprino albino", "H", 98, "2011-07-02", null, null, null, 6),
(146, "porcino", "porcino comun", "H", 114, "2014-06-27", null, null, null, 5),
(147, "ovino", "ovino sinpelo", "M", 69, "2009-04-07", null, null, null, 4),
(148, "caprino", "caprino sinpelo", "M", 106, "2012-10-02", null, null, null, 7),
(149, "bovino", "bovino shiny", "M", 105, "2010-04-20", null, null, null, 2),
(150, "caprino", "caprino mini", "H", 41, "2006-06-03", null, null, null, 2),
(151, "bovino", "bovino mini", "M", 92, "2008-05-20", null, null, null, 1),
(152, "ovino", "ovino enorme", "H", 105, "2011-01-27", null, null, null, 3),
(153, "ovino", "ovino albino", "H", 74, "2012-11-18", null, null, null, 4),
(154, "porcino", "porcino albino", "H", 89, "2013-03-12", null, null, null, 3),
(155, "ovino", "ovino shiny", "H", 59, "2013-03-16", null, null, null, 2),
(156, "ovino", "ovino sinpelo", "M", 118, "2006-04-16", null, null, null, 3),
(157, "porcino", "porcino albino", "H", 76, "2014-09-05", null, null, null, 1),
(158, "bovino", "bovino comun", "H", 60, "2006-06-02", null, null, null, 3),
(159, "porcino", "porcino albino", "H", 62, "2014-12-04", null, null, null, 2),
(160, "caprino", "caprino mini", "M", 93, "2014-08-10", null, null, null, 3),
(161, "ovino", "ovino shiny", "M", 107, "2006-11-07", null, null, null, 6),
(162, "bovino", "bovino mini", "H", 46, "2010-12-17", null, null, null, 3),
(163, "caprino", "caprino enorme", "H", 115, "2012-07-13", null, null, null, 4),
(164, "caprino", "caprino sinpelo", "M", 94, "2013-05-19", null, null, null, 6),
(165, "ovino", "ovino shiny", "H", 37, "2006-05-27", null, null, null, 1),
(166, "caprino", "caprino mini", "M", 34, "2013-08-24", null, null, null, 7),
(167, "bovino", "bovino shiny", "H", 112, "2006-06-16", null, null, null, 3),
(168, "ovino", "ovino comun", "H", 111, "2014-11-20", null, null, null, 5),
(169, "bovino", "bovino shiny", "M", 77, "2009-08-01", null, null, null, 5),
(170, "caprino", "caprino enorme", "M", 28, "2012-10-11", null, null, null, 2),
(171, "bovino", "bovino sinpelo", "M", 102, "2008-08-18", null, null, null, 7),
(172, "porcino", "porcino albino", "H", 100, "2006-12-04", null, null, null, 2),
(173, "porcino", "porcino albino", "M", 71, "2006-12-28", null, null, null, 6),
(174, "bovino", "bovino comun", "H", 100, "2014-08-19", null, null, null, 5),
(175, "porcino", "porcino sinpelo", "M", 103, "2010-06-18", null, null, null, 7),
(176, "bovino", "bovino albino", "H", 44, "2010-11-10", null, null, null, 7),
(177, "caprino", "caprino sinpelo", "M", 117, "2006-10-04", null, null, null, 2),
(178, "ovino", "ovino shiny", "H", 66, "2011-06-05", null, null, null, 4),
(179, "ovino", "ovino shiny", "M", 29, "2006-06-02", null, null, null, 4),
(180, "bovino", "bovino sinpelo", "M", 40, "2005-06-21", null, null, null, 5),
(181, "caprino", "caprino sinpelo", "M", 109, "2005-08-07", null, null, null, 1),
(182, "bovino", "bovino sinpelo", "H", 84, "2006-07-02", null, null, null, 6),
(183, "ovino", "ovino comun", "M", 49, "2006-10-01", null, null, null, 3),
(184, "ovino", "ovino mini", "M", 113, "2013-07-13", null, null, null, 3),
(185, "caprino", "caprino albino", "H", 108, "2011-09-23", null, null, null, 5),
(186, "porcino", "porcino mini", "M", 81, "2007-05-20", null, null, null, 3),
(187, "porcino", "porcino enorme", "M", 65, "2010-01-16", null, null, null, 1),
(188, "caprino", "caprino comun", "H", 56, "2012-06-28", null, null, null, 3),
(189, "ovino", "ovino sinpelo", "H", 36, "2005-10-15", null, null, null, 5),
(190, "ovino", "ovino sinpelo", "H", 103, "2009-05-25", null, null, null, 7),
(191, "caprino", "caprino albino", "M", 119, "2006-08-04", null, null, null, 3),
(192, "ovino", "ovino enorme", "H", 87, "2005-03-21", null, null, null, 2),
(193, "ovino", "ovino sinpelo", "H", 91, "2012-10-26", null, null, null, 7),
(194, "porcino", "porcino albino", "M", 88, "2012-12-22", null, null, null, 1),
(195, "ovino", "ovino enorme", "H", 29, "2006-04-17", null, null, null, 1),
(196, "porcino", "porcino enorme", "M", 40, "2005-03-26", null, null, null, 5),
(197, "porcino", "porcino mini", "M", 96, "2013-01-09", null, null, null, 1),
(198, "ovino", "ovino mini", "H", 70, "2012-12-23", null, null, null, 4),
(199, "caprino", "caprino albino", "H", 39, "2012-01-28", null, null, null, 2),
(200, "porcino", "porcino albino", "M", 77, "2005-02-15", null, null, null, 5)
;

INSERT INTO RES
(num_control, especie, raza, sexo, peso, f_nacimiento, res_madre, res_padre, granja_nacimiento, granja_actual)
VALUES
(201, "bovino", "bovino sinpelo", "H", 96, "2017-10-18", 28, 78, 3, 7),
(202, "bovino", "bovino comun", "H", 49, "2017-05-28", 89, 70, 4, 2),
(203, "ovino", "ovino enorme", "M", 66, "2018-10-19", 30, 138, 7, 6),
(204, "ovino", "ovino albino", "M", 28, "2019-08-24", 2, 58, 6, 3),
(205, "ovino", "ovino sinpelo", "M", 52, "2015-02-11", 77, 192, 2, 3),
(206, "caprino", "caprino mini", "H", 119, "2018-01-01", 68, 177, 2, 5),
(207, "caprino", "caprino sinpelo", "M", 79, "2015-04-08", 161, 98, 6, 2),
(208, "caprino", "caprino shiny", "M", 102, "2018-11-11", 33, 93, 3, 4),
(209, "porcino", "porcino enorme", "H", 110, "2020-02-23", 120, 39, 1, 5),
(210, "porcino", "porcino albino", "H", 111, "2015-09-03", 5, 33, 3, 4),
(211, "caprino", "caprino sinpelo", "M", 116, "2017-03-28", 112, 197, 1, 3),
(212, "ovino", "ovino shiny", "H", 47, "2015-02-18", 99, 88, 5, 4),
(213, "ovino", "ovino sinpelo", "H", 118, "2019-05-13", 101, 74, 5, 3),
(214, "bovino", "bovino sinpelo", "M", 60, "2015-06-02", 170, 71, 2, 5),
(215, "porcino", "porcino shiny", "M", 83, "2020-01-01", 118, 41, 7, 6),
(216, "caprino", "caprino shiny", "M", 113, "2018-08-07", 143, 101, 5, 3),
(217, "porcino", "porcino albino", "M", 93, "2017-01-21", 170, 50, 2, 2),
(218, "caprino", "caprino enorme", "H", 69, "2021-07-05", 67, 59, 7, 7),
(219, "bovino", "bovino shiny", "M", 54, "2020-06-14", 53, 96, 7, 4),
(220, "bovino", "bovino sinpelo", "H", 70, "2016-09-01", 162, 158, 3, 3),
(221, "porcino", "porcino comun", "H", 116, "2016-09-20", 121, 15, 6, 1),
(222, "caprino", "caprino albino", "H", 22, "2015-02-08", 172, 77, 2, 1),
(223, "bovino", "bovino shiny", "M", 100, "2021-09-05", 176, 13, 7, 3),
(224, "ovino", "ovino sinpelo", "M", 103, "2018-03-05", 18, 180, 5, 2),
(225, "porcino", "porcino comun", "M", 41, "2019-12-03", 114, 88, 5, 7),
(226, "bovino", "bovino comun", "M", 21, "2019-01-22", 164, 173, 6, 5),
(227, "bovino", "bovino albino", "M", 43, "2018-12-05", 8, 17, 6, 1),
(228, "bovino", "bovino shiny", "H", 92, "2021-09-28", 174, 185, 5, 3),
(229, "ovino", "ovino comun", "M", 77, "2021-12-23", 17, 182, 6, 4),
(230, "ovino", "ovino mini", "H", 66, "2021-05-11", 117, 198, 4, 1),
(231, "caprino", "caprino shiny", "H", 119, "2018-12-23", 90, 90, 7, 6),
(232, "ovino", "ovino mini", "M", 50, "2016-08-12", 118, 138, 7, 5),
(233, "bovino", "bovino comun", "H", 87, "2017-09-26", 153, 89, 4, 3),
(234, "porcino", "porcino mini", "H", 67, "2018-07-21", 84, 84, 6, 3),
(235, "bovino", "bovino sinpelo", "M", 61, "2020-05-13", 11, 180, 5, 7),
(236, "bovino", "bovino albino", "M", 55, "2016-12-02", 32, 97, 4, 6),
(237, "ovino", "ovino sinpelo", "M", 118, "2020-11-16", 83, 134, 5, 4),
(238, "ovino", "ovino shiny", "M", 90, "2017-02-09", 181, 120, 1, 1),
(239, "porcino", "porcino comun", "H", 112, "2019-04-03", 26, 21, 1, 3),
(240, "caprino", "caprino mini", "M", 42, "2018-07-21", 116, 50, 2, 2),
(241, "bovino", "bovino mini", "M", 108, "2017-04-02", 112, 112, 1, 1),
(242, "ovino", "ovino mini", "H", 21, "2015-04-01", 197, 113, 1, 1),
(243, "bovino", "bovino comun", "H", 117, "2021-06-26", 129, 54, 4, 5),
(244, "porcino", "porcino shiny", "M", 94, "2020-07-21", 127, 117, 4, 7),
(245, "caprino", "caprino albino", "H", 94, "2018-12-27", 46, 100, 1, 7),
(246, "porcino", "porcino mini", "M", 30, "2017-09-27", 27, 175, 7, 1),
(247, "porcino", "porcino sinpelo", "M", 49, "2017-11-17", 178, 163, 4, 5),
(248, "caprino", "caprino mini", "M", 64, "2020-11-21", 68, 9, 2, 3),
(249, "bovino", "bovino sinpelo", "M", 70, "2018-06-12", 64, 1, 3, 7),
(250, "caprino", "caprino albino", "H", 86, "2020-12-11", 180, 88, 5, 5),
(251, "ovino", "ovino albino", "H", 111, "2019-08-08", 24, 113, 1, 1),
(252, "ovino", "ovino enorme", "M", 103, "2018-02-19", 51, 136, 4, 1),
(253, "bovino", "bovino mini", "H", 88, "2016-07-15", 154, 162, 3, 1),
(254, "bovino", "bovino albino", "M", 105, "2021-10-22", 71, 50, 2, 5),
(255, "caprino", "caprino albino", "H", 47, "2018-04-04", 73, 89, 4, 4),
(256, "caprino", "caprino albino", "H", 23, "2021-09-04", 46, 140, 1, 3),
(257, "ovino", "ovino comun", "H", 71, "2020-07-21", 119, 44, 5, 2),
(258, "ovino", "ovino mini", "M", 39, "2018-02-14", 194, 197, 1, 1),
(259, "ovino", "ovino comun", "H", 74, "2019-08-21", 42, 4, 6, 4),
(260, "porcino", "porcino enorme", "M", 60, "2018-04-06", 175, 166, 7, 2),
(261, "caprino", "caprino comun", "H", 95, "2017-03-10", 84, 84, 6, 6),
(262, "ovino", "ovino comun", "M", 93, "2016-05-15", 146, 128, 5, 5),
(263, "porcino", "porcino comun", "H", 23, "2021-01-14", 35, 71, 2, 7),
(264, "bovino", "bovino shiny", "H", 30, "2020-10-04", 143, 200, 5, 6),
(265, "ovino", "ovino enorme", "M", 88, "2020-04-21", 111, 70, 4, 1),
(266, "porcino", "porcino enorme", "H", 75, "2021-04-18", 169, 88, 5, 7),
(267, "caprino", "caprino shiny", "H", 54, "2018-09-09", 20, 58, 6, 6),
(268, "bovino", "bovino enorme", "M", 96, "2016-01-18", 132, 145, 6, 5),
(269, "ovino", "ovino sinpelo", "H", 61, "2016-01-03", 107, 107, 5, 2),
(270, "ovino", "ovino mini", "M", 111, "2016-09-13", 65, 157, 1, 4),
(271, "bovino", "bovino mini", "H", 22, "2020-02-06", 36, 161, 6, 7),
(272, "caprino", "caprino comun", "H", 27, "2019-02-01", 17, 8, 6, 4),
(273, "porcino", "porcino shiny", "M", 57, "2016-03-18", 150, 16, 2, 4),
(274, "caprino", "caprino sinpelo", "M", 41, "2020-04-05", 90, 142, 7, 4),
(275, "ovino", "ovino comun", "H", 43, "2018-12-16", 35, 68, 2, 1),
(276, "porcino", "porcino sinpelo", "M", 26, "2018-11-17", 124, 101, 5, 6),
(277, "bovino", "bovino enorme", "M", 58, "2015-07-06", 146, 174, 5, 6),
(278, "ovino", "ovino shiny", "H", 94, "2016-08-26", 135, 36, 6, 6),
(279, "bovino", "bovino sinpelo", "M", 108, "2021-05-13", 171, 49, 7, 2),
(280, "ovino", "ovino albino", "H", 91, "2016-06-13", 198, 153, 4, 1),
(281, "caprino", "caprino mini", "H", 100, "2017-08-10", 170, 177, 2, 5),
(282, "bovino", "bovino mini", "M", 46, "2017-10-02", 115, 169, 5, 3),
(283, "porcino", "porcino comun", "H", 69, "2016-10-22", 170, 35, 2, 7),
(284, "porcino", "porcino mini", "M", 22, "2020-07-13", 98, 161, 6, 7),
(285, "caprino", "caprino albino", "H", 69, "2017-06-05", 86, 69, 6, 3),
(286, "caprino", "caprino sinpelo", "H", 28, "2020-02-01", 159, 159, 2, 7),
(287, "ovino", "ovino shiny", "H", 67, "2016-08-04", 63, 65, 1, 6),
(288, "bovino", "bovino shiny", "H", 101, "2021-07-21", 78, 186, 3, 6),
(289, "porcino", "porcino mini", "H", 95, "2016-10-11", 194, 37, 1, 4),
(290, "porcino", "porcino comun", "H", 20, "2018-11-26", 143, 114, 5, 6),
(291, "ovino", "ovino enorme", "H", 23, "2019-11-14", 142, 144, 7, 3),
(292, "porcino", "porcino comun", "H", 45, "2015-02-23", 52, 61, 2, 2),
(293, "ovino", "ovino mini", "M", 46, "2018-10-19", 62, 166, 7, 7),
(294, "ovino", "ovino albino", "H", 45, "2016-08-21", 140, 187, 1, 4),
(295, "bovino", "bovino mini", "M", 76, "2020-03-19", 92, 93, 3, 3),
(296, "caprino", "caprino albino", "M", 112, "2016-06-21", 19, 92, 3, 2),
(297, "porcino", "porcino albino", "M", 112, "2018-02-21", 2, 58, 6, 2),
(298, "bovino", "bovino shiny", "H", 114, "2015-06-15", 98, 15, 6, 2),
(299, "ovino", "ovino enorme", "H", 118, "2017-04-09", 110, 166, 7, 6),
(300, "porcino", "porcino comun", "M", 57, "2021-04-12", 29, 29, 4, 6),
(301, "caprino", "caprino shiny", "H", 91, "2016-10-20", 19, 160, 3, 2),
(302, "bovino", "bovino albino", "M", 53, "2015-03-12", 84, 40, 6, 3),
(303, "caprino", "caprino mini", "M", 67, "2017-12-12", 111, 75, 4, 1),
(304, "caprino", "caprino comun", "H", 62, "2017-04-13", 106, 5, 3, 5),
(305, "caprino", "caprino comun", "H", 76, "2016-05-07", 198, 89, 4, 7),
(306, "ovino", "ovino shiny", "H", 24, "2021-07-08", 75, 14, 4, 6),
(307, "ovino", "ovino mini", "H", 58, "2017-01-03", 24, 46, 1, 3),
(308, "bovino", "bovino sinpelo", "M", 92, "2018-03-11", 11, 107, 5, 7),
(309, "bovino", "bovino sinpelo", "M", 105, "2021-10-16", 20, 173, 6, 4),
(310, "caprino", "caprino enorme", "M", 106, "2019-01-07", 2, 58, 6, 1),
(311, "ovino", "ovino albino", "M", 57, "2019-12-18", 169, 107, 5, 4),
(312, "porcino", "porcino mini", "H", 119, "2020-08-26", 184, 186, 3, 4),
(313, "porcino", "porcino comun", "H", 64, "2016-01-09", 5, 66, 3, 5),
(314, "bovino", "bovino sinpelo", "M", 84, "2019-03-10", 175, 171, 7, 7),
(315, "bovino", "bovino mini", "H", 86, "2019-10-11", 172, 172, 2, 1),
(316, "porcino", "porcino shiny", "M", 43, "2017-08-02", 59, 108, 7, 4),
(317, "bovino", "bovino comun", "H", 103, "2018-01-02", 143, 88, 5, 1),
(318, "caprino", "caprino enorme", "M", 97, "2018-05-24", 63, 195, 1, 6),
(319, "ovino", "ovino enorme", "H", 103, "2016-05-16", 142, 41, 7, 7),
(320, "caprino", "caprino comun", "M", 37, "2015-04-15", 140, 151, 1, 2),
(321, "porcino", "porcino shiny", "M", 113, "2019-11-25", 99, 143, 5, 7),
(322, "bovino", "bovino shiny", "M", 28, "2016-11-08", 144, 96, 7, 6),
(323, "porcino", "porcino albino", "M", 76, "2017-01-22", 89, 55, 4, 3),
(324, "porcino", "porcino albino", "H", 117, "2015-06-25", 113, 100, 1, 4),
(325, "caprino", "caprino shiny", "H", 58, "2017-11-24", 145, 22, 6, 3),
(326, "porcino", "porcino sinpelo", "M", 87, "2020-10-20", 2, 173, 6, 3),
(327, "bovino", "bovino comun", "M", 116, "2021-12-18", 12, 14, 4, 3),
(328, "bovino", "bovino comun", "M", 82, "2020-02-09", 102, 32, 4, 2),
(329, "ovino", "ovino albino", "H", 87, "2019-02-05", 169, 196, 5, 3),
(330, "ovino", "ovino enorme", "H", 74, "2020-11-13", 136, 82, 4, 3),
(331, "bovino", "bovino sinpelo", "H", 45, "2021-10-25", 25, 172, 2, 2),
(332, "porcino", "porcino enorme", "M", 32, "2018-04-22", 160, 106, 3, 1),
(333, "caprino", "caprino mini", "H", 48, "2019-06-21", 39, 113, 1, 1),
(334, "caprino", "caprino enorme", "M", 45, "2019-03-06", 44, 185, 5, 4),
(335, "caprino", "caprino sinpelo", "H", 100, "2015-10-15", 104, 29, 4, 4),
(336, "ovino", "ovino comun", "H", 107, "2017-11-05", 126, 104, 4, 1),
(337, "bovino", "bovino comun", "H", 47, "2019-06-09", 97, 179, 4, 5),
(338, "bovino", "bovino albino", "H", 116, "2015-11-04", 35, 9, 2, 7),
(339, "bovino", "bovino enorme", "M", 90, "2019-09-02", 66, 6, 3, 5),
(340, "caprino", "caprino shiny", "M", 25, "2020-09-17", 18, 200, 5, 3),
(341, "porcino", "porcino enorme", "M", 55, "2016-09-26", 189, 185, 5, 3),
(342, "bovino", "bovino shiny", "H", 108, "2017-07-12", 187, 181, 1, 2),
(343, "bovino", "bovino sinpelo", "M", 84, "2016-06-11", 170, 50, 2, 7),
(344, "caprino", "caprino mini", "M", 86, "2020-04-23", 77, 60, 2, 7),
(345, "caprino", "caprino comun", "M", 50, "2018-01-02", 186, 92, 3, 6),
(346, "caprino", "caprino comun", "H", 69, "2019-12-22", 42, 79, 6, 3),
(347, "caprino", "caprino enorme", "M", 108, "2018-11-27", 156, 141, 3, 6),
(348, "caprino", "caprino mini", "M", 87, "2021-03-27", 190, 193, 7, 2),
(349, "ovino", "ovino enorme", "M", 119, "2021-12-17", 52, 68, 2, 1),
(350, "ovino", "ovino sinpelo", "M", 22, "2015-07-10", 148, 59, 7, 1),
(351, "ovino", "ovino enorme", "M", 81, "2019-08-17", 54, 178, 4, 6),
(352, "ovino", "ovino mini", "H", 106, "2015-08-27", 133, 111, 4, 2),
(353, "ovino", "ovino mini", "H", 32, "2019-05-08", 179, 136, 4, 6),
(354, "caprino", "caprino sinpelo", "M", 56, "2019-01-23", 67, 166, 7, 1),
(355, "caprino", "caprino enorme", "H", 115, "2021-12-05", 76, 17, 6, 3),
(356, "porcino", "porcino albino", "H", 37, "2019-09-25", 33, 125, 3, 2),
(357, "porcino", "porcino albino", "H", 108, "2021-05-25", 28, 66, 3, 6),
(358, "bovino", "bovino albino", "M", 105, "2018-04-02", 191, 5, 3, 3),
(359, "caprino", "caprino albino", "M", 62, "2021-08-26", 150, 192, 2, 6),
(360, "porcino", "porcino comun", "M", 78, "2019-06-08", 190, 190, 7, 7),
(361, "bovino", "bovino comun", "H", 87, "2017-06-27", 137, 190, 7, 5),
(362, "bovino", "bovino shiny", "M", 63, "2017-02-28", 104, 31, 4, 3),
(363, "porcino", "porcino mini", "M", 55, "2021-11-17", 74, 99, 5, 7),
(364, "ovino", "ovino albino", "H", 68, "2016-06-16", 197, 120, 1, 7),
(365, "porcino", "porcino comun", "H", 50, "2019-09-13", 104, 102, 4, 3),
(366, "caprino", "caprino sinpelo", "H", 83, "2016-08-26", 65, 21, 1, 2),
(367, "ovino", "ovino enorme", "H", 80, "2021-03-02", 54, 133, 4, 2),
(368, "porcino", "porcino enorme", "M", 59, "2020-01-06", 137, 138, 7, 3),
(369, "porcino", "porcino albino", "M", 83, "2020-09-25", 183, 33, 3, 1),
(370, "bovino", "bovino albino", "H", 116, "2019-01-22", 70, 117, 4, 7),
(371, "ovino", "ovino enorme", "H", 33, "2016-03-06", 105, 124, 5, 4),
(372, "caprino", "caprino enorme", "M", 48, "2020-04-12", 4, 69, 6, 1),
(373, "porcino", "porcino shiny", "M", 63, "2018-10-22", 100, 94, 1, 7),
(374, "ovino", "ovino mini", "H", 63, "2018-12-26", 127, 54, 4, 4),
(375, "caprino", "caprino sinpelo", "M", 89, "2019-05-02", 46, 24, 1, 2),
(376, "caprino", "caprino albino", "M", 98, "2020-01-08", 64, 154, 3, 4),
(377, "caprino", "caprino shiny", "M", 70, "2021-07-13", 114, 169, 5, 7),
(378, "bovino", "bovino shiny", "M", 107, "2018-03-07", 35, 50, 2, 5),
(379, "bovino", "bovino shiny", "M", 62, "2018-08-28", 105, 114, 5, 2),
(380, "bovino", "bovino mini", "H", 100, "2019-09-02", 69, 76, 6, 3),
(381, "ovino", "ovino mini", "H", 114, "2020-04-01", 71, 61, 2, 4),
(382, "ovino", "ovino mini", "H", 95, "2017-11-18", 102, 31, 4, 6),
(383, "bovino", "bovino comun", "H", 44, "2016-09-04", 170, 52, 2, 4),
(384, "caprino", "caprino enorme", "H", 85, "2021-02-14", 182, 76, 6, 6),
(385, "ovino", "ovino albino", "H", 53, "2018-09-22", 159, 150, 2, 5),
(386, "bovino", "bovino shiny", "M", 83, "2019-07-26", 31, 122, 4, 5),
(387, "porcino", "porcino albino", "M", 108, "2019-07-28", 111, 89, 4, 2),
(388, "caprino", "caprino comun", "M", 73, "2018-07-11", 183, 191, 3, 1),
(389, "bovino", "bovino mini", "M", 52, "2020-10-16", 198, 111, 4, 6),
(390, "caprino", "caprino enorme", "H", 31, "2015-08-05", 107, 18, 5, 3),
(391, "caprino", "caprino shiny", "M", 69, "2017-02-08", 173, 36, 6, 4),
(392, "ovino", "ovino shiny", "H", 22, "2019-10-15", 185, 174, 5, 4),
(393, "porcino", "porcino mini", "M", 42, "2015-12-28", 186, 125, 3, 5),
(394, "bovino", "bovino albino", "H", 69, "2016-08-03", 170, 9, 2, 1),
(395, "porcino", "porcino shiny", "M", 71, "2015-10-21", 145, 76, 6, 5),
(396, "bovino", "bovino enorme", "H", 29, "2019-12-02", 114, 169, 5, 5),
(397, "caprino", "caprino mini", "M", 62, "2017-11-13", 136, 147, 4, 5),
(398, "bovino", "bovino mini", "M", 114, "2018-12-24", 25, 38, 2, 3),
(399, "ovino", "ovino comun", "H", 111, "2021-08-01", 97, 29, 4, 3),
(400, "caprino", "caprino sinpelo", "M", 103, "2015-01-15", 160, 184, 3, 3)
;

INSERT INTO RES_SINTOMA
(num_control, id_sintoma)
VALUES
(116, 8),
(116, 9),
(86, 11),
(12, 12),
(17, 7),
(109, 1),
(156, 1),
(110, 13),
(127, 2),
(164, 13),
(129, 4),
(193, 2),
(128, 4),
(65, 12),
(21, 2),
(48, 2),
(51, 1),
(50, 3),
(47, 6),
(61, 1),
(119, 5),
(22, 2),
(142, 11),
(172, 1),
(27, 8),
(17, 4),
(147, 13),
(43, 11),
(74, 1),
(65, 10),
(66, 9),
(9, 9),
(29, 8),
(28, 3),
(108, 13),
(13, 9),
(27, 11),
(47, 7),
(46, 10),
(177, 7),
(96, 12),
(76, 3),
(101, 5),
(137, 8),
(106, 5),
(35, 7),
(183, 5),
(66, 2),
(25, 4),
(177, 13)
;

INSERT INTO RES_ENFERMEDAD
(num_control, id_enfermedad, fecha)
VALUES
(116, 1, "2020-05-20"),
(86, 6, "2019-05-05"),
(12, 6, "2021-10-12"),
(17, 3, "2018-04-13"),
(109, 1, "2018-10-18"),
(156, 1, "2022-12-21"),
(127, 1, "2020-02-10"),
(128, 4, "2021-12-03"),
(193, 2, "2021-09-23"),
(65, 6, "2021-10-01"),
(21, 2, "2019-11-23"),
(48, 2, "2022-02-20"),
(51, 1, "2020-07-09"),
(50, 3, "2020-05-09"),
(50, 3, "2022-08-22"),
(47, 6, "2022-11-14"),
(61, 1, "2020-10-12"),
(119, 5, "2021-06-11"),
(22, 2, "2019-04-10"),
(142, 5, "2021-04-01"),
(172, 1, "2018-03-14"),
(27, 4, "2018-06-27"),
(43, 2, "2022-01-25"),
(74, 1, "2021-01-15"),
(65, 5, "2020-05-05"),
(9, 4, "2021-11-10"),
(29, 4, "2018-04-13"),
(28, 3, "2022-03-06"),
(13, 4, "2022-05-15"),
(27, 6, "2021-05-21"),
(47, 4, "2018-12-01"),
(46, 5, "2022-09-03"),
(177, 3, "2021-09-10"),
(96, 6, "2020-01-25"),
(76, 3, "2020-06-04"),
(101, 5, "2018-12-24"),
(137, 1, "2019-02-20"),
(106, 5, "2019-06-26"),
(35, 3, "2020-05-07"),
(183, 5, "2020-03-16"),
(66, 2, "2018-04-16"),
(25, 4, "2020-07-26")
;